101,adarsh,kumar,singh,adarsh@kumar,8197416336,Tue Sep 13 00:00:00 IST 1983
102,amit,kumar,singh,amit@kumar,9902323891,Sat Jan 04 00:00:00 IST 1986
103,radha,,singh,radha@singh,9902370891,Sat Apr 05 00:00:00 IST 1986
104,adarsh,kumar,singh,adarsh@kumar,8197416336,Tue Sep 13 00:00:00 IST 1983
105,amit,kumar,singh,amit@kumar,9902323891,Sat Jan 04 00:00:00 IST 1986
106,radha,,singh,radha@singh,9902370891,Sat Apr 05 00:00:00 IST 1986
107,adarsh,kumar,singh,adarsh@kumar,8197416336,Tue Sep 13 00:00:00 IST 1983
108,amit,kumar,singh,amit@kumar,9902323891,Sat Jan 04 00:00:00 IST 1986
109,radha,,singh,radha@singh,9902370891,Sat Apr 05 00:00:00 IST 1986
110,adarsh,kumar,singh,adarsh@kumar,8197416336,Tue Sep 13 00:00:00 IST 1983
111,amit,kumar,singh,amit@kumar,9902323891,Sat Jan 04 00:00:00 IST 1986
112,radha,,singh,radha@singh,9902370891,Sat Apr 05 00:00:00 IST 1986
113,adarsh,kumar,singh,adarsh@kumar,8197416336,Tue Sep 13 00:00:00 IST 1983
114,amit,kumar,singh,amit@kumar,9902323891,Sat Jan 04 00:00:00 IST 1986
115,radha,,singh,radha@singh,9902370891,Sat Apr 05 00:00:00 IST 1986
116,adarsh,kumar,singh,adarsh@kumar,8197416336,Tue Sep 13 00:00:00 IST 1983
117,amit,kumar,singh,amit@kumar,9902323891,Sat Jan 04 00:00:00 IST 1986
118,radha,,singh,radha@singh,9902370891,Sat Apr 05 00:00:00 IST 1986
201,adarsh,kumar,singh,adarsh@kumar,8197416336,Tue Sep 13 00:00:00 IST 1983
202,amit,kumar,singh,amit@kuma,9902323891,Sat Jan 04 00:00:00 IST 1986
203,radha,,singh,radha@singh,9902370891,Sat Apr 05 00:00:00 IST 1986
204,adarsh,kumar,singh,adarsh@kumar,8197416336,Tue Sep 13 00:00:00 IST 1983
205,amit,kumar,singh,amit@kumar,9902323891,Sat Jan 04 00:00:00 IST 1986
206,radha,,singh,radha@singh,9902370891,Sat Apr 05 00:00:00 IST 1986
207,adarsh,kumar,singh,adarsh@kumar,8197416336,Tue Sep 13 00:00:00 IST 1983
208,amit,kumar,singh,amit@kumar,9902323891,Sat Jan 04 00:00:00 IST 1986
209,radha,,singh,radha@singh,9902370891,Sat Apr 05 00:00:00 IST 1986
210,adarsh,kumar,singh,adarsh@kumar,8197416336,Tue Sep 13 00:00:00 IST 1983
211,amit,kumar,singh,amit@kumar,9902323891,Sat Jan 04 00:00:00 IST 1986
212,radha,,singh,radha@singh,9902370891,Sat Apr 05 00:00:00 IST 1986
213,adarsh,kumar,singh,adarsh@kumar,8197416336,Tue Sep 13 00:00:00 IST 1983
214,amit,kumar,singh,amit@kumar,9902323891,Sat Jan 04 00:00:00 IST 1986
215,radha,,singh,radha@singh,9902370891,Sat Apr 05 00:00:00 IST 1986
216,adarsh,kumar,singh,adarsh@kumar,8197416336,Tue Sep 13 00:00:00 IST 1983
217,amit,kumar,singh,amit@kumar,9902323891,Sat Jan 04 00:00:00 IST 1986
218,radha,,singh,radha@singh,9902370891,Sat Apr 05 00:00:00 IST 1986
301,adarsh,kumar,singh,adarsh@kumar,8197416336,Tue Sep 13 00:00:00 IST 1983
302,amit,kumar,singh,amit@kumar,9902323891,Sat Jan 04 00:00:00 IST 1986
303,radha,,singh,radha@singh,9902370891,Sat Apr 05 00:00:00 IST 1986
304,adarsh,kumar,singh,adarsh@kumar,8197416336,Tue Sep 13 00:00:00 IST 1983
305,amit,kumar,singh,amit@kumar,9902323891,Sat Jan 04 00:00:00 IST 1986
306,radha,,singh,radha@singh,9902370891,Sat Apr 05 00:00:00 IST 1986
307,adarsh,kumar,singh,adarsh@kumar,8197416336,Tue Sep 13 00:00:00 IST 1983
308,amit,kumar,singh,amit@kumar,9902323891,Sat Jan 04 00:00:00 IST 1986
309,radha,,singh,radha@singh,9902370891,Sat Apr 05 00:00:00 IST 1986
310,adarsh,kumar,singh,adarsh@kumar,8197416336,Tue Sep 13 00:00:00 IST 1983
311,amit,kumar,singh,amit@kumar,9902323891,Sat Jan 04 00:00:00 IST 1986
312,radha,,singh,radha@singh,9902370891,Sat Apr 05 00:00:00 IST 1986
313,adarsh,kumar,singh,adarsh@kumar,8197416336,Tue Sep 13 00:00:00 IST 1983
314,amit,kumar,singh,amit@kumar,9902323891,Sat Jan 04 00:00:00 IST 1986
315,radha,,singh,radha@singh,9902370891,Sat Apr 05 00:00:00 IST 1986
316,adarsh,kumar,singh,adarsh@kumar,8197416336,Tue Sep 13 00:00:00 IST 1983
317,amit,kumar,singh,amit@kumar,9902323891,Sat Jan 04 00:00:00 IST 1986
318,radha,,singh,radha@singh,9902370891,Sat Apr 05 00:00:00 IST 1986
