201,adarsh,kumar,singh,adarsh@kumar,8197416336,13/09/1983
202,amit,kumar,singh,amit@kuma,9902323891,04/01/1986
203,radha,,singh,radha@singh,9902370891,05/04/1986
204,adarsh,kumar,singh,adarsh@kumar,8197416336,13/09/1983
205,amit,kumar,singh,amit@kumar,9902323891,04/01/1986
206,radha,,singh,radha@singh,9902370891,05/04/1986
207,adarsh,kumar,singh,adarsh@kumar,8197416336,13/09/1983
208,amit,kumar,singh,amit@kumar,9902323891,04/01/1986
209,radha,,singh,radha@singh,9902370891,05/04/1986
210,adarsh,kumar,singh,adarsh@kumar,8197416336,13/09/1983
211,amit,kumar,singh,amit@kumar,9902323891,04/01/1986
212,radha,,singh,radha@singh,9902370891,05/04/1986
213,adarsh,kumar,singh,adarsh@kumar,8197416336,13/09/1983
214,amit,kumar,singh,amit@kumar,9902323891,04/01/1986
215,radha,,singh,radha@singh,9902370891,05/04/1986
216,adarsh,kumar,singh,adarsh@kumar,8197416336,13/09/1983
217,amit,kumar,singh,amit@kumar,9902323891,04/01/1986
218,radha,,singh,radha@singh,9902370891,05/04/1986